feature,mean_abs_shap
sentiment_proxy,0.7144622516561164
vix_t,0.4401288629353619
